producto,tienda
Escritorio Notebook 3045-Coe O Tables,megatone
Mouse Genius Nx 7010 Blueeye White/red (new Package) (8629) Genius,fravega
Notebook I7 15Itl6 Ip3 8Gb256ssd W1 Lenovo,megatone
Celular Motorola E22 Negro 3GB 32GB,coppel
Notebook Ip 3 14Ada05 Athlon 3050U 8Gb 1Tb W11 Lenovo,megatone
Celular Samsung S23 Ultra Phantom Black 256GB 5g SM-S918BZKMARO,coppel
Celular Motorola G23 Azul 4GB 128GB,coppel
Notebook Gam Nitro I5 8Gb512g W11 Acer,megatone
Mesa Plegable Para Notebook Tablet Color Celeste Avh,megatone
Notebook 14.1 Amd A9-9400+4Gb+64Gb Cx,megatone
Notebook Inspiron 3515 Ryzen 5 3450U 8Gb 256Gb Ssd W11 Dell,megatone
Notebook 14 I3-1005G1 8Gb 128Gb Pcie W11h Asus,megatone
Celular Motorola G32 Gris 4GB 128GB 5g,coppel
"Mochila Porta Notebook 15,6 "" Bolsillo Frontal Con Conector Usb Color... Target",megatone
Base Notebook Gamer Rgb Noga Ng-Za6 13 A 17 Pulgadas Hub Usb Noganet,megatone
Porta Celular Las Oreiro Celeste Mujer,coppel
Celular Motorola G22 Celeste 4GB 128GB 4g XT2231-5,coppel
Notebook Amd Athlon / 20Gb Ram + 240 Ssd / 14'' Hd / Win 10 Hp,megatone
Notebook 14 Intel Pentium 4G+Ssd 320G+W10h Cx,megatone
Notebook Aspire 5 I5-10210U 8Gb 256Ssd 156 Black W10h (Nxhmdal01u)(A51... Acer,megatone
Notebook Nq1 Intel Celeron N4020 4Gb 128Gb Ssd Windows Iqual,megatone
Celular Motorola E22 Azul 3GB 32GB,coppel
Notebook 14 Fhd Amd Ryzen 3 240 Ssd + 16Gb / Win 10 Hp,megatone
Notebook Gam Nitro I5 8Gb512g W11 Acer,megatone
Esc Notebook 2C 1254 980Mm Li Muebles Orlandi,megatone
Celular Samsung A23 5g Blanco 4GB 128GB,coppel
Celular Motorola Edge 30 Ultra Negro 12GB 256GB 5g + Blunde,coppel
Mouse Pad Xinua Gamer 80x30 Rgb Carga Rapida Inalambrico Qi,fravega
Celular Samsung S21 Fe Blanco 6GB 128GB 5g SM-G990,coppel
Celular Samsung A04s Negro 4GB 128GB SM-A047MZKFARO,coppel
Celular Samsung s22 Ultra Blanco 12GB 256GB 5g SM-S908,coppel
"Notebook Banghó Max L4 I1 14"" Intel Celeron 4Gb 120Gb Windows 11 Bangho",megatone
Celular Quantum Yolo Rojo 1GB 32GB 3g S509nm,coppel
Soporte Mesa Para Notebook Spn02 Plegable Regulable Nictom,megatone
Celular Samsung A04e Negro 3GB 32GB SM-A042M,coppel
"Notebook R76 14"" Intel N4020 4Gb Ssd 128Gb Windows 11 Exo",megatone
Mouse Verbatim Commuter Blue Wirelless 99766,fravega
Notebook 15-Eh1504la Ryzen 7 5700U 8Gb 512Gb 156 Fhd Fog Blue (6C243laac8) Hp,megatone
Celular Samsung A04e Negro 3GB 32GB SM-A042M,coppel
"Notebook Banghó Bes X4 I7 Pro 14"" Core I7 8Gb Ssd 480Gb Windows 11 Pro Bangho",megatone
Notebook Ip 3 14Ada05 Athlon 3050U 8Gb 1Tb W11 Lenovo,megatone
"Notebook Banghó Bes T5 I5 Pro 15.6"" Fhd Core I5 8Gb 480Gb Windows 11 ... Bangho",megatone
Celular Samsung A23 5g Celeste 4GB 128GB 5g,coppel
Notebook Vostro 3405U 8Gb 256Ssd Ryzen 5 W10 Radeon V8 Dell,megatone
Notebook 15-Dy5001la Intel I5 1235U 8Gb 512Gb M.2 Win 11 Hp,megatone
Esc Notebook 2C 1254 980Mm Li Muebles Orlandi,megatone
Notebook 15-Dy2061la Intel Core I3 1125G4 8Gb 256Gb Win10 Hp,megatone
Notebook I5 A315-58-56J6 8G256gw11a Acer,megatone
Celular Tcl 405 Dark Grey 2GB 64GB,coppel
"Fuente Alimentacion Notebook 19V, 2,1A, 40W Airlive",megatone
Notebook Amd Athlon / 16Gb Ram + 480 Ssd / 14'' Hd / Win 10 Hp,megatone
Notebook Fhd Inspiron 3515 Ryzen 3 3250U 8Gb 256Gb W11 Dell,megatone
Notebook 14 Fhd Amd Ryzen 3 240 Ssd + 8Gb / Win 10 Hp,megatone
Mouse Gamer Havit Ms1001 Rgb 7 Botones 7200 Dpi Programable Color Negro,fravega
Notebook I3 1005G1 Aspire 3 8Gb 256Ssd 156 Black W11hsl (Nxhs5al031)(A... Acer,megatone
Celular Kodak Seren D65LX Negro 2GB 64GB,coppel
Celular ZTE Blade A52 Gris 2GB 64GB,coppel
Celular Samsung Z Flip 4 8GB 256GB 5g Graphite SM-F721BZAKARO,coppel
Esc Notebook 2C 1252 980Mm Abe Muebles Orlandi,megatone
Celular Motorola E22 Negro 3GB 32GB,coppel
Notebook Vostro 3405 Ryzen 5 8256Gb 14 Linux Ubuntu Dell,megatone
Celular Tcl 30SE Blue 6GB 256GB,coppel
Celular Motorola Edge 30 Fusion Azul 12GB 256GB 5g,coppel
Disco Rigido Externo 1Tb Expansion Portatil Usb 3.0 Pc Ps4 Notebook... Seagate,megatone
Celular Mio Nanotech C01 4g Negro,coppel
Porta Celular Las Oreiro Celeste Mujer,coppel
Notebook Pavilion 15-Eh1508la R5-5500U 8Gb 512Gb 156 Fhd Natural Silver ... Hp,megatone
Notebook Ip 3 15Iml05 I3-10110U 4Gb 256Ssd 156 W11h (81Wb01evar) Lenovo,megatone
"$21,299",megatone
Notebook 14 I5-1135G7 8G Ssd512gb W10h Asus,megatone
Notebook Inspiron 3515 Amd Athlon 3050U 8Gb 256Gb W11 Dell,megatone
Notebook Inspiron 15 3502 N4020 4Gb Ram 128Gb Ssd W10h Dell,megatone
Notebook 14 Fhd Amd Ryzen 3 240 Ssd + 20Gb / Win 10 Hp,megatone
Porta Celular Trendy Mujer,coppel
Notebook 14 I5-1135G7 8G Ssd512gb W10h Asus,megatone
"Notebook Banghó Bes T5 I7 Pro 15.6"" Fhd Core I7 8Gb 480Gb Windows 11 ... Bangho",megatone
Mouse Inalámbrico Optico Ergonomico Ideal Oficina Escritorio,fravega
Celular Samsung M13 Celeste 4GB 128GB 4g SM-A135MZKKARO,coppel
Celular Samsung A23 5g Celeste 4GB 128GB 5g,coppel
"Notebook Banghó Max L5 I5 15.6"" Intel Core I5 8Gb 240Gb Windows 11 Bangho",megatone
Celular Samsung A33 Negro 6GB 128GB 5g SM-A336M,coppel
Notebook Amd Athlon / 16Gb Ram + 480 Ssd / 14'' Hd / Win 10 Hp,megatone
Escritorio Para Notebook Wengue Emc,megatone
Notebook Ryzen 3 15.6 Fhd Dualcore Ssd 512 + 32Gb / Win Hp,megatone
Notebook Intel Fhd 156 Ci511400h 8Gb 256Gb Black Gtx 1650 (An515-57-52... Acer,megatone
Notebook 14 Fhd Amd Ryzen 3 128 Ssd + 16Gb / Win 10 Hp,megatone
Mouse Genius DX-110 USB White (1484),fravega
Notebook Ip 3 14Ada05 Athlon 3050U 8Gb 1Tb W11 Lenovo,megatone
Notebook Gam Nitro I5 8Gb512g W11 Acer,megatone
Celular ZTE Blade A31 Plus Negro 1GB 32GB 4g,coppel
Celular Samsung A54 5g Awesome Graphite 8GB 256GB 5g SM-A546EZKEARO,coppel
Notebook 250 G8 Core I3-1115G4 8256Gb 156 Wh11 (5U0f8ltac8) Hp,megatone
Mouse Optico Mini Retractil USB 1000DPI Nisuta NSMOR3B Blanco,fravega
Notebook I3 E41 8Gb500ssd W10pro El Lenovo,megatone
Celular Samsung A04 White 4GB 64GB SM-A045MZWEARO,coppel
Notebook 14 245 Amd Ryzen3-3250U 1T 4Gb Hp,megatone
Notebook R5 Yoga 7 14Acn6 8G512ssd Lenovo,megatone
Notebook 16 I7-12700H 16Gb 1Tb Rtx3060p Win10p Gigabyte,megatone
Notebook I3 1005G1 Aspire 3 8Gb 256Ssd 156 Black W11hsl (Nxhs5al031)(A... Acer,megatone
Notebook 15.6 R3-3250U 12Gb 500Gb Asus,megatone
Notebook 450 I7-1165G7 G8 8 Gb Ssd 256 W10p Intel Core I7 Plateada Hp,megatone
"Macbook Pro 16"" M1 Pro Chip 10-Core Cpu 16-Core Gpu - 1Tb Ssd - Space... Apple",megatone
Notebook 14 Fhd Amd Ryzen 3 1Tb Hdd + 16Gb Ram / Win 10 Hp,megatone
Notebook 14 245 Amd Ryzen3-3250U Ssd2480 8Gb Hp,megatone
"Notebook Ideapad 3 14Igl05 14"" Celeron N4120 4Gb Ram 256 Ssd W11 Lenovo",megatone
Mochila Porta Notebook Manija Reforzada 16 Pulgadas Bolsillo Superior... Target,megatone
Celular ZTE Blade A31 Plus Negro 1GB 32GB 4g,coppel
Notebook I3 X515ea-Br1751wpi 4G256g Asus,megatone
Notebook I5 13-Bb0003la 8G256ssd Gn Hp,megatone
Celular Tcl 405 Purple 2GB 64GB,coppel
Notebook 15.6 V15 I5-1135G7 8Gb Ssd256 Lenovo,megatone
Notebook 15.6 Insp 3511 I3-1115G4 8G 256Gb W11home Dell,megatone
Notebook I7 Aspire 5 8256Tg 156 Black W11 (A515-54-72Mx-Ar) Acer,megatone
Celular Motorola G22 Celeste 4GB 128GB 4g XT2231-5,coppel
Notebook I3 X515ea-Br1751wpi 4G256g Asus,megatone
Nnotebook 14-Dq2029la I5-1135G78gb256gb14 Hd (3V8k0laac8) Hp,megatone
Celular Samsung A22 Blanco 4GB 128GB 5g SM-A226B,coppel
"Notebook Banghó Max L4 I1 14"" Intel Celeron 4Gb 120Gb Windows 11 Bangho",megatone
Porta Celular Las Oreiro Negro Mujer,coppel
Notebook 15.6 V15 I7-1165G7 8Gb Ssd240g Lenovo,megatone
Mesa Plegable Para Notebook Tablet Color Blanco Avh,megatone
Mochila Para Notebook Keybp-1116 Case Logic,megatone
Porta Celular Las Oreiro Celeste Mujer,coppel
Notebook 15.6 Insp 3511 I3-1115G4 4G 256Gb W11home Dell,megatone
Notebook Cloudbook C141pp-A3-W10h Intel Celeron Gris Enova,megatone
Notebook Intel I3 11Th 8Gb Ram + 128 Ssd / 15 Windows Hp,megatone
Celular Motorola E32 Plata 4GB 64GB 4g,coppel
Notebook Fhd Inspiron 3515 Ryzen 7 3700U 8Gb 512Gb W11 Dell,megatone
Notebook 14 Fhd Amd Ryzen 3 1Tb Hdd + 8Gb / Win 10 Hp,megatone
Celular Motorola G72 Azul 6GB 128GB,coppel
"Notebook Banghó Max L5 I5 15.6"" Intel Core I5 8Gb 240Gb Windows 11 Bangho",megatone
Notebook 14 I3-1005G1 8Gb 128Gb Pcie W11h Asus,megatone
Notebook 14 Fhd Amd Ryzen 3 1Tb Hdd + 8Gb / Win 10 Hp,megatone
Notebook Ip 3 15Iml05 I3-10110U 4Gb 256Ssd 156 W11h (81Wb01evar) Lenovo,megatone
Celular Quantum Yolo Rojo 1GB 32GB 3g S509nm,coppel
Notebook 14 Lati 5430 I5-1235U 8Gb 256Gb W11pro Dell,megatone
"Macbook Pro 16"" M1 Pro Chip 10-Core Cpu 16-Core Gpu - 1Tb Ssd - Space... Apple",megatone
Notebook Aspire 5 I5-10210U 8Gb 256Ssd 156 Black W10h (Nxhmdal01u)(A51... Acer,megatone
Notebook Amd Athlon / 16Gb Ram + 128 Ssd / 14'' Hd / Win 10 Hp,megatone
Celular Motorola G72 Azul 6GB 128GB,coppel
Notebook 14 Fhd Amd Ryzen 3 1Tb Hdd + 16Gb Ram / Win 10 Hp,megatone
Celular Mio Nanotech C01 4g Negro,coppel
Notebook Ip 1 14Ada7 R3 8G 256G Sin So (0426) | Lenovo,megatone
Celular Alcatel 3H Plus 3GB 64GB 4g,coppel
Notebook Ip 1 14Ada7 R5 8G 256G Sin So (0419) | Lenovo,megatone
Celular Motorola E13 Natural 2GB 64GB,coppel
Celular Samsung A14 5g Black 4GB 128GB,coppel
Celular Motorola G32 Plata 4GB 128GB 5g,coppel
"Funda Para Notebook 15.6"" Ibrs215 Case Logic",megatone
Notebook 14 Fhd Amd Ryzen 3 240 Ssd + 1Tb Hdd + 20Gb / Win 10 Hp,megatone
Disco Rigido Externo 2Tb Expansion Portatil Usb 3.0 Pc Ps4 Notebook... Seagate,megatone
"Notebook Banghó Max L4 I1 14"" Intel Celeron 4Gb 120Gb Windows 11 Bangho",megatone
Celular TCL 408 4GB 64GB Midnight Blue,coppel
Celular Samsung A04 Green 4GB 64GB SM-A045M,coppel
Notebook 15-Ef2529la Ryzen 5 8Gb Ram 512Gb M2 Windows 11 Hp,megatone
Notebook Hp 14 X360 Convertible Pent 4G 256G W10 Airlive,megatone
Notebook R3-3200U Aspire 5 4Gb 256Ssd 15.6'' Windows 10 Acer,megatone
Celular Samsung A04 Green 4GB 64GB SM-A045M,coppel
"Notebook Banghó Bes X4 I7 Pro 14"" Core I7 8Gb Ssd 480Gb Windows 11 Pro Bangho",megatone
"Notebook Amd Athlon / 16Gb Ram + 240 Ssd / 14"" Hd / Win 10 Hp",megatone
Notebook 15.6 Intel I5 1135G7+8G+Ssd Nvme 500Gb Cx,megatone
Escritorio Para Notebook Wengue Emc,megatone
Notebook I5 A315-58-56J6 8G256gw11a Acer,megatone
Celular Sky F2G Azul 32MB,coppel
"Funda Para Notebook 15.6"" Ibrs215 Case Logic",megatone
"Notebook L69plus Intel N4020 14"" 4Gb Ssd64 Hdd1tb Windows 11 Exo",megatone
Notebook Ip 3 14Ada05 Athlon 3050U 8Gb 1Tb W11 Lenovo,megatone
Notebook 15.6 Thinkbook I5-1135G7 8G Ssd256 Lenovo,megatone
Celular Samsung A23 Negro 4GB 128GB 4g Lte SM-A235M,coppel
Celular Samsung A23 Celeste 4GB 128GB 4g Lte SM-A235M,coppel
